year,month,hour,average_rtt,average_rtt_n,download_throughput,download_throughput_n,minimum_rtt,minimum_rtt_n,packet_retransmit_rate,packet_retransmit_rate_n,upload_throughput,upload_throughput_n
2012,1,1,14.25,2,89.25,2,17.5,2,0.10000000000000001,2,36.5,2
2012,1,2,44.0,1,52.5,1,10.0,1,0.050000000000000003,1,35.0,1
2012,1,4,11.5,1,110.0,1,50.0,1,0.050000000000000003,1,31.0,1
2012,1,9,79.5,1,25.5,1,45.0,1,0.0,1,46.5,1
2012,1,14,60.5,1,109.0,1,20.0,1,0.10000000000000001,1,49.5,1
