year,month,day,average_rtt,average_rtt_n,download_throughput,download_throughput_n,minimum_rtt,minimum_rtt_n,packet_retransmit_rate,packet_retransmit_rate_n,upload_throughput,upload_throughput_n
2012,1,1,20.0,3,109.5,3,10.0,3,0.050000000000000003,3,35.0,3
2012,1,2,8.5,1,69.0,1,35.0,1,0.10000000000000001,1,37.5,1
2012,1,3,70.0,2,67.25,2,32.5,2,0.050000000000000003,2,48.0,2
2014,10,20,,,0.0043116323511683662,4,,,,,,
2014,10,28,,,0.043478260869565216,1,,,,,,
2014,10,30,,,0.0024473813020068525,1,,,,,,
