year,month,hour,average_rtt,average_rtt_n,download_throughput,download_throughput_n,minimum_rtt,minimum_rtt_n,packet_retransmit_rate,packet_retransmit_rate_n,upload_throughput,upload_throughput_n
2012,1,9,14.25,4,89.25,4,17.5,4,0.10000000000000001,4,36.5,4
2012,1,10,44.0,2,52.5,2,10.0,2,0.050000000000000003,2,35.0,2
2012,1,12,11.5,2,110.0,2,50.0,2,0.050000000000000003,2,31.0,2
2012,1,17,79.5,2,25.5,2,45.0,2,0.0,2,46.5,2
2012,1,22,60.5,2,109.0,2,20.0,2,0.10000000000000001,2,49.5,2
2014,10,1,,,0.010623556581986143,1,,,,,,
2014,10,16,,,0.00033433634236041456,3,,,,,,
2014,10,18,,,0.043478260869565216,1,,,,,,
2014,10,20,,,0.0024473813020068525,1,,,,,,
