year,month,hour,average_rtt,average_rtt_n,download_throughput,download_throughput_n,minimum_rtt,minimum_rtt_n,packet_retransmit_rate,packet_retransmit_rate_n,upload_throughput,upload_throughput_n
2012,1,1,14.2,4,89.250,4,17.5,4,0.100000,4,36.500,4
2012,1,2,44.0,2,52.500,2,10.0,2,0.050000,2,35.000,2
2012,1,4,11.5,2,110.000,2,50.0,2,0.050000,2,31.000,2
2012,1,9,79.5,2,25.500,2,45.0,2,0.000000,2,46.500,2
2012,1,14,60.5,2,109.000,2,20.0,2,0.100000,2,49.500,2
2014,10,9,,,0.000,3,,,,,,
2014,10,11,,,0.043,1,,,,,,
2014,10,13,,,0.002,1,,,,,,
2014,10,18,,,0.011,1,,,,,,
