month,day,year,average_rtt,average_rtt_n,download_throughput,download_throughput_n,minimum_rtt,minimum_rtt_n,packet_retransmit_rate,packet_retransmit_rate_n,upload_throughput,upload_throughput_n
1,1,2012,20.0,6,109.5,6,10.0,6,0.050000000000000003,6,35.0,6
1,2,2012,8.5,2,69.0,2,35.0,2,0.10000000000000001,2,37.5,2
1,3,2012,70.0,4,67.25,4,32.5,4,0.050000000000000003,4,48.0,4
10,20,2014,,,0.0043116323511683662,4,,,,,,
10,28,2014,,,0.043478260869565216,1,,,,,,
10,30,2014,,,0.0024473813020068525,1,,,,,,
